Species	Genus	Family	Isolate	Host	Country	Pubmed	Pident	Sstart	Send	Rank	Counts	Evalue
putative_Badnavirus	Badnavirus	Caulimoviridae	BBV-3X	blackberry	USA	nd	78.218	4958	5058	7796	3	3.57e-16
putative_Badnavirus	Badnavirus	Caulimoviridae	CaYMV-AP01	Canna_indica_cultivar_Red_Futurity	USA	nd	81.0	5511	5608	9055	3	1.02e-16
putative_Badnavirus	Badnavirus	Caulimoviridae	nd	nd	nd	nd	81.69	5414	5344	9073	3	7.86e-12
putative_Badnavirus	Badnavirus	Caulimoviridae	nd	Dioscorea_sansibarensis	Benin	17195956	85.106	5423	5469	10617	3	6.05e-07
putative_Badnavirus	Badnavirus	Caulimoviridae	VLJ-178	Vitis_vinifera_cv._Ljutun	Croatia	2968092	87.755	6187	6235	12011	2	1.17e-09
putative_Badnavirus	Badnavirus	Caulimoviridae	Z6	Ziziphus_jujube	China	28612117	85.417	3909	3956	12556	2	1.73e-07
putative_Badnavirus	Badnavirus	Caulimoviridae	w4	Vitis_vinifera	Greece	25791736	77.228	5783	5883	12691	2	1.52e-14
putative_Badnavirus	Badnavirus	Caulimoviridae	Ke52	Colocasia_esculenta	Kenya	nd	85.106	6538	6492	13479	2	6.05e-07
putative_Badnavirus	Badnavirus	Caulimoviridae	ROL	Citrus_jambhiri_(rough_lemon)	India	2292681	81.818	5326	5423	13960	2	2.41e-18
putative_Badnavirus	Badnavirus	Caulimoviridae	HS-2	banana	China	nd	76.471	163	247	14778	2	3.34e-10
putative_Badnavirus	Badnavirus	Caulimoviridae	VLJ-178	Vitis_vinifera_cv._Ljutun	Croatia	2968092	79.57	1613	1705	15087	2	1.25e-15
putative_Badnavirus	Badnavirus	Caulimoviridae	Z6	Ziziphus_jujube	China	28612117	80.645	6353	6261	15642	2	2.93e-17
putative_Badnavirus	Badnavirus	Caulimoviridae	DBRTV1-[2RT]	Dioscorea_rotundata	Nigeria	2739976	77.778	6844	6906	15876	2	2.11e-06
putative_Badnavirus	Badnavirus	Caulimoviridae	nd	nd	Papua_New_Guinea	12721801	70.492	2685	2625	16466	2	6.9
putative_Badnavirus	Badnavirus	Caulimoviridae	Aus7	Colocasia_esculenta	Australia	2948811	78.667	5702	5776	17735	2	3.34e-10
putative_Badnavirus	Badnavirus	Caulimoviridae	Z6	Ziziphus_jujube	China	28612117	74.747	6412	6314	17907	2	9.58e-11
putative_Badnavirus	Badnavirus	Caulimoviridae	YC_269-3	Saccharum_sp._hybrid_cultivar	China	nd	77.228	494	394	18676	2	1.52e-14
putative_Badnavirus	Badnavirus	Caulimoviridae	E308-77	Musa_acuminata_cv._Gran_Enano	Cuba	nd	79.518	153	71	18700	2	6.45e-13
putative_Badnavirus	Badnavirus	Caulimoviridae	YC_269-3	Saccharum_sp._hybrid_cultivar	China	nd	82.609	441	509	19431	2	2.25e-12
putative_Badnavirus	Badnavirus	Caulimoviridae	Hunan-24	sweet_potato	China	nd	81.159	5931	5863	21664	2	9.58e-11
putative_Badnavirus	Badnavirus	Caulimoviridae	nd	nd	nd	nd	71.429	3761	3706	22490	1	6.9
putative_Badnavirus	Badnavirus	Caulimoviridae	ROL	Citrus_jambhiri_(rough_lemon)	India	2292681	80.198	5421	5321	22555	1	6.89e-19
putative_Badnavirus	Badnavirus	Caulimoviridae	GWR198J-13	Theobroma_cacao	Ghana	29169831	75.758	2797	2862	22583	1	2.57e-05
putative_Badnavirus	Badnavirus	Caulimoviridae	BBV-3X	blackberry	USA	nd	75.0	4931	5022	23418	1	1.17e-09
putative_Badnavirus	Badnavirus	Caulimoviridae	F15	Ficus_carica	Iran	nd	77.5	3612	3573	23511	1	2.0
putative_Badnavirus	Badnavirus	Caulimoviridae	NIG10	Theobroma_cacao	Nigeria	3097329	78.125	5868	5773	23835	1	1.52e-14
putative_Badnavirus	Badnavirus	Caulimoviridae	F15	Ficus_carica	Iran	nd	77.143	5634	5565	23955	1	1.73e-07
putative_Badnavirus	Badnavirus	Caulimoviridae	Z6	Ziziphus_jujube	China	28612117	79.208	6340	6240	24040	1	2.93e-17
putative_Badnavirus	Badnavirus	Caulimoviridae	CHA2	Grapevine_cv._Chardonel	USA	nd	88.095	1875	1916	24273	1	6.05e-07
putative_Badnavirus	Badnavirus	Caulimoviridae	2	Musa_acuminata_AAA_Group	China	nd	77.778	440	529	24578	1	6.45e-13
putative_Alphaendornavirus	Alphaendornavirus	Endornaviridae	Penol	Capsicum_annuum	Colombia	nd	100.0	810	910	24598	1	4.95e-46
putative_Badnavirus	Badnavirus	Caulimoviridae	YC_269-3	Saccharum_sp._hybrid_cultivar	China	nd	77.66	416	509	24909	1	1.85e-13
putative_Badnavirus	Badnavirus	Caulimoviridae	CA	Epiphyllum_sp._(cactus)	USA	nd	83.871	3599	3538	25210	1	2.74e-11
putative_Badnavirus	Badnavirus	Caulimoviridae	ROL	Citrus_jambhiri_(rough_lemon)	India	2292681	80.412	5338	5434	25236	1	8.4e-18
putative_Badnavirus	Badnavirus	Caulimoviridae	nd	nd	nd	1699203	75.248	6766	6666	25326	1	7.86e-12
putative_Badnavirus	Badnavirus	Caulimoviridae	nd	Rangpur_lime	India	nd	79.208	6289	6189	25674	1	2.93e-17
putative_Badnavirus	Badnavirus	Caulimoviridae	DBRTV1-[2RT]	Dioscorea_rotundata	Nigeria	2739976	77.778	6844	6906	25727	1	2.11e-06
putative_Badnavirus	Badnavirus	Caulimoviridae	CI134	Theobroma_cacao	Cote_d'Ivoire	2905250	81.25	227	274	25883	1	8.97e-05
putative_Badnavirus	Badnavirus	Caulimoviridae	Ug203	Musa_sp._cv._Malila	Uganda	nd	94.0	908	859	25886	1	5.3e-14
putative_Badnavirus	Badnavirus	Caulimoviridae	DN5-4	Musa_sp.	China	nd	76.471	6515	6465	25914	1	0.013
putative_Badnavirus	Badnavirus	Caulimoviridae	BBV-3X	blackberry	USA	nd	71.233	3628	3700	26527	1	0.046
putative_Badnavirus	Badnavirus	Caulimoviridae	F1	nd	Fiji	14551818	78.788	129	31	27261	1	3.57e-16
putative_Badnavirus	Badnavirus	Caulimoviridae	ROL	Citrus_jambhiri_(rough_lemon)	India	2292681	81.373	5422	5322	27487	1	2.41e-18
putative_Badnavirus	Badnavirus	Caulimoviridae	CA	Epiphyllum_sp._(cactus)	USA	nd	82.456	3594	3538	27532	1	1.42e-08
putative_Badnavirus	Badnavirus	Caulimoviridae	BBV-3X	blackberry	USA	nd	83.636	5007	5061	27536	1	1.42e-08
putative_Badnavirus	Badnavirus	Caulimoviridae	BBV-3X	blackberry	USA	nd	75.0	2022	2077	27856	1	0.013
putative_Badnavirus	Badnavirus	Caulimoviridae	PNG10	Dioscorea_alata	Papua_New_Guinea	2859155	76.531	6813	6716	27894	1	6.45e-13
putative_Badnavirus	Badnavirus	Caulimoviridae	VLJ-178	Vitis_vinifera_cv._Ljutun	Croatia	2968092	87.755	6235	6187	28105	1	1.17e-09
putative_Badnavirus	Badnavirus	Caulimoviridae	nd	blackberry	USA	nd	68.687	1159	1257	28384	1	0.013
putative_Badnavirus	Badnavirus	Caulimoviridae	Ug203	Musa_sp._cv._Malila	Uganda	nd	94.0	908	859	28615	1	5.3e-14
putative_Badnavirus	Badnavirus	Caulimoviridae	w4	Vitis_vinifera	Greece	25791736	76.289	5768	5864	29430	1	2.25e-12
putative_Badnavirus	Badnavirus	Caulimoviridae	Ke52	Colocasia_esculenta	Kenya	nd	86.364	6495	6538	29579	1	6.05e-07
putative_Badnavirus	Badnavirus	Caulimoviridae	F1	nd	Fiji	14551818	78.947	122	28	30197	1	1.25e-15
putative_Badnavirus	Badnavirus	Caulimoviridae	Guadeloupe	sugarcane_R570_hybrid_variety	Guadeloupe	21741419	74.713	6499	6413	30289	1	1.42e-08
putative_Badnavirus	Badnavirus	Caulimoviridae	ROL	Citrus_jambhiri_(rough_lemon)	India	2292681	82.609	5321	5412	30748	1	2.41e-18
putative_Badnavirus	Badnavirus	Caulimoviridae	BBV-3X	blackberry	USA	nd	75.0	2076	1987	30899	1	6.05e-07
putative_Badnavirus	Badnavirus	Caulimoviridae	15	Musa_balbisiana	China	nd	79.381	192	288	31385	1	1.02e-16
putative_Badnavirus	Badnavirus	Caulimoviridae	CaYMV-AP01	Canna_indica_cultivar_Red_Futurity	USA	nd	81.373	5613	5514	31563	1	8.4e-18
putative_Badnavirus	Badnavirus	Caulimoviridae	NIG10	Theobroma_cacao	Nigeria	3097329	78.495	5868	5776	31991	1	1.52e-14
putative_Badnavirus	Badnavirus	Caulimoviridae	E308-77	Musa_acuminata_cv._Gran_Enano	Cuba	nd	75.789	195	101	33200	1	2.74e-11
putative_Badnavirus	Badnavirus	Caulimoviridae	BBV-3X	blackberry	USA	nd	77.778	3841	3939	33593	1	4.35e-15
putative_Badnavirus	Badnavirus	Caulimoviridae	Z6	Ziziphus_jujube	China	28612117	75.325	6201	6277	33840	1	6.05e-07
putative_Badnavirus	Badnavirus	Caulimoviridae	YC_269-3	Saccharum_sp._hybrid_cultivar	China	nd	77.66	416	509	33949	1	1.85e-13
putative_Badnavirus	Badnavirus	Caulimoviridae	DBRTV1-[2RT]	Dioscorea_rotundata	Nigeria	2739976	77.778	6844	6906	35455	1	2.11e-06
putative_Badnavirus	Badnavirus	Caulimoviridae	Et158	Colocasia_esculenta	Ethiopia	nd	82.979	74	120	35559	1	7.37e-06
putative_Badnavirus	Badnavirus	Caulimoviridae	Guadeloupe	sugarcane_R570_hybrid_variety	Guadeloupe	21741419	75.789	6478	6384	35818	1	2.74e-11
putative_Badnavirus	Badnavirus	Caulimoviridae	YC_269-3	Saccharum_sp._hybrid_cultivar	China	nd	78.889	391	480	36200	1	5.3e-14
putative_Badnavirus	Badnavirus	Caulimoviridae	Z6	Ziziphus_jujube	China	28612117	77.551	6319	6222	36419	1	1.52e-14
putative_Badnavirus	Badnavirus	Caulimoviridae	Guadeloupe	sugarcane_R570_hybrid_variety	Guadeloupe	21741419	74.713	6499	6413	36609	1	1.42e-08
putative_Badnavirus	Badnavirus	Caulimoviridae	Gha34Q-15	Theobroma_cacao	Ghana	2916983	80.435	4320	4275	36889	1	0.001
putative_Badnavirus	Badnavirus	Caulimoviridae	Z6	Ziziphus_jujube	China	28612117	79.592	6382	6285	37009	1	2.93e-17
putative_Badnavirus	Badnavirus	Caulimoviridae	CaYMV-AP01	Canna_indica_cultivar_Red_Futurity	USA	nd	81.443	5514	5608	37610	1	3.57e-16
putative_Alphaendornavirus	Alphaendornavirus	Endornaviridae	Penol	Capsicum_annuum	Colombia	nd	100.0	9684	9784	38176	1	4.95e-46
putative_Badnavirus	Badnavirus	Caulimoviridae	Z6	Ziziphus_jujube	China	28612117	71.0	6272	6173	38959	1	7.37e-06
putative_Badnavirus	Badnavirus	Caulimoviridae	S3	nd	Samoa	14551818	76.596	216	262	40204	1	0.16
putative_Badnavirus	Badnavirus	Caulimoviridae	GWR198J-13	Theobroma_cacao	Ghana	29169831	75.758	2797	2862	40271	1	2.57e-05
putative_Badnavirus	Badnavirus	Caulimoviridae	F1	nd	Fiji	14551818	77.381	28	111	40421	1	9.58e-11
putative_Badnavirus	Badnavirus	Caulimoviridae	2	Musa_acuminata_AAA_Group	China	nd	82.5	490	411	40814	1	1.25e-15
putative_Badnavirus	Badnavirus	Caulimoviridae	GX-YLG	Sugarcane	China	nd	84.091	3047	3090	40905	1	2.57e-05
putative_Badnavirus	Badnavirus	Caulimoviridae	YC_269-3	Saccharum_sp._hybrid_cultivar	China	nd	77.66	416	509	41427	1	1.85e-13
putative_Badnavirus	Badnavirus	Caulimoviridae	BCVBV-UNB-01	Bougainvillea_spectabilis	Brazil	nd	85.294	4445	4478	42135	1	0.013
putative_Badnavirus	Badnavirus	Caulimoviridae	YC_269-3	Saccharum_sp._hybrid_cultivar	China	nd	76.768	539	441	42696	1	1.85e-13
putative_Badnavirus	Badnavirus	Caulimoviridae	Gha34Q-15	Theobroma_cacao	Ghana	2916983	80.435	4320	4275	43045	1	0.001
putative_Badnavirus	Badnavirus	Caulimoviridae	nd	Styphnolobium_japonicum_(L.)_Schott	China	24751798	79.012	3720	3798	43541	1	4.07e-09
putative_Badnavirus	Badnavirus	Caulimoviridae	nd	Pelargonium_x_hortorum	USA	nd	74.444	2430	2341	44169	1	1.42e-08
putative_Badnavirus	Badnavirus	Caulimoviridae	YC_269-3	Saccharum_sp._hybrid_cultivar	China	nd	82.609	509	441	44333	1	2.25e-12
putative_Badnavirus	Badnavirus	Caulimoviridae	Guadeloupe	sugarcane_R570_hybrid_variety	Guadeloupe	21741419	75.862	6499	6413	44539	1	1.17e-09
putative_Badnavirus	Badnavirus	Caulimoviridae	YC_269-3	Saccharum_sp._hybrid_cultivar	China	nd	82.812	509	446	44958	1	9.58e-11
putative_Badnavirus	Badnavirus	Caulimoviridae	S3	nd	Samoa	14551818	76.596	262	216	45605	1	0.16
putative_Badnavirus	Badnavirus	Caulimoviridae	Gha34Q-15	Theobroma_cacao	Ghana	2916983	80.435	4275	4320	46049	1	0.001
putative_Badnavirus	Badnavirus	Caulimoviridae	Minnesota	Aglaonema_modestum_(Chinese_evergreen)	USA	nd	77.941	3146	3213	46459	1	1.73e-07
putative_Badnavirus	Badnavirus	Caulimoviridae	E308-77	Musa_acuminata_cv._Gran_Enano	Cuba	nd	79.518	153	71	47037	1	6.45e-13
putative_Badnavirus	Badnavirus	Caulimoviridae	VLJ-178	Vitis_vinifera_cv._Ljutun	Croatia	2968092	76.531	1596	1693	47081	1	6.45e-13
putative_Badnavirus	Badnavirus	Caulimoviridae	VLJ-178	Vitis_vinifera_cv._Ljutun	Croatia	2968092	79.57	1705	1613	47449	1	1.25e-15
putative_Badnavirus	Badnavirus	Caulimoviridae	YC_269-3	Saccharum_sp._hybrid_cultivar	China	nd	83.077	445	509	47726	1	2.74e-11
putative_Badnavirus	Badnavirus	Caulimoviridae	Gha2-15	Theobroma_cacao	Ghana	2916983	81.395	4394	4352	47881	1	0.001
putative_Badnavirus	Badnavirus	Caulimoviridae	Z6	Ziziphus_jujube	China	28612117	75.281	6201	6289	47964	1	1.17e-09
putative_Badnavirus	Badnavirus	Caulimoviridae	w4	Vitis_vinifera	Greece	25791736	81.481	5803	5883	48077	1	1.52e-14
putative_Alphaendornavirus	Alphaendornavirus	Endornaviridae	Penol	Capsicum_annuum	Colombia	nd	100.0	7019	7119	48874	1	4.95e-46
putative_Badnavirus	Badnavirus	Caulimoviridae	nd	nd	nd	nd	79.762	5876	5959	49237	1	1.85e-13
putative_Badnavirus	Badnavirus	Caulimoviridae	F1	nd	Fiji	14551818	80.0	28	87	49850	1	1.73e-07
putative_Badnavirus	Badnavirus	Caulimoviridae	HS-2	banana	China	nd	79.221	239	163	50050	1	2.74e-11
putative_Badnavirus	Badnavirus	Caulimoviridae	nd	Pelargonium_x_hortorum	USA	nd	75.0	6577	6668	50263	1	1.17e-09
putative_Badnavirus	Badnavirus	Caulimoviridae	Z6	Ziziphus_jujube	China	28612117	80.952	6240	6323	50397	1	4.35e-15
putative_Badnavirus	Badnavirus	Caulimoviridae	nd	nd	nd	nd	76.0	5979	5880	50819	1	6.45e-13
putative_Badnavirus	Badnavirus	Caulimoviridae	YV1	Yacon	South_Korea	25643816	75.269	5484	5392	51134	1	2.74e-11
putative_Badnavirus	Badnavirus	Caulimoviridae	ROL	Citrus_jambhiri_(rough_lemon)	India	2292681	83.133	5317	5399	51542	1	2.93e-17
putative_Badnavirus	Badnavirus	Caulimoviridae	ICS27	Theobroma_cacao	Trinidad_and_Tobago	28124143	73.404	3392	3485	51764	1	4.96e-08
putative_Badnavirus	Badnavirus	Caulimoviridae	BBV-3X	blackberry	USA	nd	74.747	3957	3859	52035	1	9.58e-11
putative_Badnavirus	Badnavirus	Caulimoviridae	E308-77	Musa_acuminata_cv._Gran_Enano	Cuba	nd	78.125	71	166	52620	1	1.52e-14
putative_Badnavirus	Badnavirus	Caulimoviridae	Gha2-15	Theobroma_cacao	Ghana	2916983	80.435	4349	4394	52661	1	0.001
putative_Badnavirus	Badnavirus	Caulimoviridae	ROL	Citrus_jambhiri_(rough_lemon)	India	2292681	82.609	5408	5317	52862	1	2.41e-18
putative_Badnavirus	Badnavirus	Caulimoviridae	Z6	Ziziphus_jujube	China	28612117	79.592	6382	6285	53079	1	2.93e-17
putative_Badnavirus	Badnavirus	Caulimoviridae	CI275	Theobroma_cacao	Cote_d'Ivoire	2905250	84.932	6069	6141	53791	1	1.25e-15
putative_Badnavirus	Badnavirus	Caulimoviridae	Z6	Ziziphus_jujube	China	28612117	75.0	6288	6201	54019	1	4.07e-09
putative_Badnavirus	Badnavirus	Caulimoviridae	nd	nd	nd	nd	77.273	3292	3379	54138	1	7.86e-12
putative_Badnavirus	Badnavirus	Caulimoviridae	CA	Epiphyllum_sp._(cactus)	USA	nd	79.167	1974	2021	54742	1	0.001
putative_Badnavirus	Badnavirus	Caulimoviridae	Z6	Ziziphus_jujube	China	28612117	75.309	6281	6201	55113	1	4.96e-08
putative_Badnavirus	Badnavirus	Caulimoviridae	ROL	Citrus_jambhiri_(rough_lemon)	India	2292681	82.418	5317	5407	55139	1	8.4e-18
putative_Badnavirus	Badnavirus	Caulimoviridae	IBo01	nd	Indonesia	nd	79.63	848	901	55248	1	2.57e-05
putative_Badnavirus	Badnavirus	Caulimoviridae	Nagri	Citrus_sinensis_(L)_Osbeck	India	nd	79.381	6247	6343	56095	1	1.02e-16
putative_Badnavirus	Badnavirus	Caulimoviridae	CA	Epiphyllum_sp._(cactus)	USA	nd	78.462	6824	6760	56260	1	1.73e-07
putative_Badnavirus	Badnavirus	Caulimoviridae	Muju	Codonopsis_lanceolata	South_Korea	nd	85.965	3951	4007	56707	1	2.74e-11
putative_Badnavirus	Badnavirus	Caulimoviridae	BT	Saccharum_officinarum_cultivar	India	2343071	75.0	5289	5348	56963	1	0.004
putative_Badnavirus	Badnavirus	Caulimoviridae	nd	Pelargonium_x_hortorum	USA	nd	76.543	3378	3298	57773	1	4.07e-09
putative_Badnavirus	Badnavirus	Caulimoviridae	nd	Dioscorea_sansibarensis	Benin	17195956	85.417	5422	5469	58244	1	1.73e-07
putative_Badnavirus	Badnavirus	Caulimoviridae	ICS27	Theobroma_cacao	Trinidad_and_Tobago	28124143	75.0	3718	3655	58380	1	0.000313
putative_Badnavirus	Badnavirus	Caulimoviridae	Z6	Ziziphus_jujube	China	28612117	75.581	6201	6286	58706	1	4.07e-09
putative_Badnavirus	Badnavirus	Caulimoviridae	Z6	Ziziphus_jujube	China	28612117	75.61	6282	6201	60912	1	1.42e-08
putative_Badnavirus	Badnavirus	Caulimoviridae	nd	nd	nd	nd	69.565	5196	5128	60927	1	6.9
putative_Badnavirus	Badnavirus	Caulimoviridae	nd	Pelargonium_x_hortorum	USA	nd	87.324	5960	6030	61399	1	2.93e-17
putative_Badnavirus	Badnavirus	Caulimoviridae	DBRTV1-[2RT]	Dioscorea_rotundata	Nigeria	2739976	77.778	6906	6844	62304	1	2.11e-06
putative_Badnavirus	Badnavirus	Caulimoviridae	SOP	sweet_orange_Pulvendla	India	nd	79.221	5271	5347	62640	1	2.74e-11
putative_Badnavirus	Badnavirus	Caulimoviridae	CA	Epiphyllum_sp._(cactus)	USA	nd	82.143	3593	3538	62845	1	4.96e-08
putative_Badnavirus	Badnavirus	Caulimoviridae	E308-77	Musa_acuminata_cv._Gran_Enano	Cuba	nd	79.221	101	177	62888	1	2.74e-11
putative_Badnavirus	Badnavirus	Caulimoviridae	CA	Epiphyllum_sp._(cactus)	USA	nd	82.258	6760	6821	62977	1	1.17e-09
putative_Badnavirus	Badnavirus	Caulimoviridae	F15	Ficus_carica	Iran	nd	76.316	5565	5640	63482	1	4.96e-08
putative_Badnavirus	Badnavirus	Caulimoviridae	Ug203	Musa_sp._cv._Malila	Uganda	nd	94.0	908	859	63733	1	5.3e-14
putative_Badnavirus	Badnavirus	Caulimoviridae	nd	Pelargonium_x_hortorum	USA	nd	81.25	6023	5960	63814	1	1.17e-09
putative_Badnavirus	Badnavirus	Caulimoviridae	Z6	Ziziphus_jujube	China	28612117	76.087	6292	6201	63909	1	2.74e-11
putative_Badnavirus	Badnavirus	Caulimoviridae	nd	nd	nd	1699203	75.51	6675	6772	63937	1	7.86e-12
putative_Badnavirus	Badnavirus	Caulimoviridae	DBRTV1-[2RT]	Dioscorea_rotundata	Nigeria	2739976	80.0	6847	6906	63988	1	1.73e-07
putative_Badnavirus	Badnavirus	Caulimoviridae	VLJ-178	Vitis_vinifera_cv._Ljutun	Croatia	2968092	79.57	1613	1705	64190	1	1.25e-15
putative_Badnavirus	Badnavirus	Caulimoviridae	F1	nd	Fiji	14551818	78.947	122	28	64217	1	1.25e-15
putative_Badnavirus	Badnavirus	Caulimoviridae	Ke52	Colocasia_esculenta	Kenya	nd	85.106	6492	6538	65213	1	6.05e-07
putative_Badnavirus	Badnavirus	Caulimoviridae	BBV-3X	blackberry	USA	nd	81.081	4931	4967	65571	1	0.16
putative_Badnavirus	Badnavirus	Caulimoviridae	Minnesota	Aglaonema_modestum_(Chinese_evergreen)	USA	nd	79.0	6005	5906	65998	1	1.02e-16
putative_Badnavirus	Badnavirus	Caulimoviridae	CI275	Theobroma_cacao	Cote_d'Ivoire	2905250	84.932	6141	6069	66146	1	1.25e-15
putative_Badnavirus	Badnavirus	Caulimoviridae	nd	blackberry	USA	nd	72.449	1204	1301	66234	1	1.73e-07
putative_Badnavirus	Badnavirus	Caulimoviridae	05TGP00321.Bad2	Ambrosia_psilostachya	USA	18590770	72.289	347	265	66266	1	8.97e-05
putative_Badnavirus	Badnavirus	Caulimoviridae	CI152-09	cocoa	Cote_d'Ivoire	nd	79.167	6182	6087	66788	1	3.57e-16
putative_Alphaendornavirus	Alphaendornavirus	Endornaviridae	nd	Capsicum_annuum_cv._Kyosuzu	Japan	2177557	100.0	3131	3231	66976	1	4.95e-46
putative_Badnavirus	Badnavirus	Caulimoviridae	AMP1	Ampelopsis_cordata	USA	nd	81.633	1880	1928	67018	1	2.57e-05
putative_Badnavirus	Badnavirus	Caulimoviridae	CA	Epiphyllum_sp._(cactus)	USA	nd	82.258	3538	3599	67584	1	1.17e-09
putative_Badnavirus	Badnavirus	Caulimoviridae	nd	nd	nd	nd	81.69	5344	5414	67837	1	7.86e-12
putative_Badnavirus	Badnavirus	Caulimoviridae	AMP1	Ampelopsis_cordata	USA	nd	74.194	1880	1970	67940	1	1.73e-07
putative_Badnavirus	Badnavirus	Caulimoviridae	1	Musa	China	nd	74.51	570	470	68010	1	4.07e-09
putative_Badnavirus	Badnavirus	Caulimoviridae	PNG10	Dioscorea_alata	Papua_New_Guinea	2859155	80.952	6716	6757	68564	1	0.004
putative_Badnavirus	Badnavirus	Caulimoviridae	nd	blackberry	USA	nd	71.579	1204	1298	68806	1	7.37e-06
putative_Badnavirus	Badnavirus	Caulimoviridae	SCA6	Theobroma_cacao	Trinidad_and_Tobago	28124143	82.353	3251	3201	69088	1	2.11e-06
putative_Badnavirus	Badnavirus	Caulimoviridae	DN5-4	Musa_sp.	China	nd	73.404	6422	6515	70684	1	4.96e-08
putative_Badnavirus	Badnavirus	Caulimoviridae	ZT-1	Wisteria_sinensis	China	28299484	84.211	3653	3690	70943	1	0.001
putative_Alphaendornavirus	Alphaendornavirus	Endornaviridae	nd	Phaseolus_vulgaris_cultivar_Black_Turtle	Brazil	2301574	86.0	13306	13257	71264	1	1.42e-08
putative_Badnavirus	Badnavirus	Caulimoviridae	Z6	Ziziphus_jujube	China	28612117	76.042	6201	6296	71497	1	7.86e-12
putative_Badnavirus	Badnavirus	Caulimoviridae	CA	Epiphyllum_sp._(cactus)	USA	nd	78.846	1974	2025	71739	1	0.000313
putative_Alphaendornavirus	Alphaendornavirus	Endornaviridae	Penol	Capsicum_annuum	Colombia	nd	100.0	937	837	72098	1	4.95e-46
putative_Badnavirus	Badnavirus	Caulimoviridae	E308-77	Musa_acuminata_cv._Gran_Enano	Cuba	nd	77.228	174	74	72415	1	1.52e-14
putative_Badnavirus	Badnavirus	Caulimoviridae	TRY	Musa_sp._cv._Poovan_(Mysore,AAB)	India	nd	81.818	6438	6481	72539	1	0.004
putative_Badnavirus	Badnavirus	Caulimoviridae	CaYMV-AP01	Canna_indica_cultivar_Red_Futurity	USA	nd	77.67	5592	5492	72751	1	6.45e-13
putative_Badnavirus	Badnavirus	Caulimoviridae	VLJ-178	Vitis_vinifera_cv._Ljutun	Croatia	2968092	87.755	6187	6235	72791	1	1.17e-09
putative_Badnavirus	Badnavirus	Caulimoviridae	ICS27	Theobroma_cacao	Trinidad_and_Tobago	28124143	73.958	3487	3392	72817	1	4.07e-09
putative_Badnavirus	Badnavirus	Caulimoviridae	E308-77	Musa_acuminata_cv._Gran_Enano	Cuba	nd	75.789	195	101	72858	1	2.74e-11
putative_Badnavirus	Badnavirus	Caulimoviridae	SCA6	Theobroma_cacao	Trinidad_and_Tobago	28124143	83.333	3242	3201	73015	1	0.000313
putative_Badnavirus	Badnavirus	Caulimoviridae	2	Musa_acuminata_AAA_Group	China	nd	77.778	440	529	73217	1	6.45e-13
putative_Badnavirus	Badnavirus	Caulimoviridae	nd	nd	Papua_New_Guinea	12721801	68.831	2701	2625	73372	1	2.0
putative_Badnavirus	Badnavirus	Caulimoviridae	CI275	Theobroma_cacao	Cote_d'Ivoire	2905250	82.609	6141	6073	73432	1	2.25e-12
putative_Badnavirus	Badnavirus	Caulimoviridae	GU-2	nd	nd	nd	84.444	175	131	73581	1	7.37e-06
putative_Badnavirus	Badnavirus	Caulimoviridae	VLJ-178	Vitis_vinifera_cv._Ljutun	Croatia	2968092	81.633	6187	6235	74123	1	2.57e-05
putative_Badnavirus	Badnavirus	Caulimoviridae	BBV-3X	blackberry	USA	nd	78.788	3945	3847	75246	1	3.57e-16
putative_Badnavirus	Badnavirus	Caulimoviridae	Guadeloupe	sugarcane_R570_hybrid_variety	Guadeloupe	21741419	74.49	6492	6395	75546	1	3.34e-10
putative_Badnavirus	Badnavirus	Caulimoviridae	A	Theobroma_cacao	Sri_Lanka	29169831	70.769	1673	1737	75556	1	2.0
putative_Badnavirus	Badnavirus	Caulimoviridae	ICS27	Theobroma_cacao	Trinidad_and_Tobago	28124143	72.632	3400	3494	75799	1	1.73e-07
putative_Badnavirus	Badnavirus	Caulimoviridae	nd	blackberry	USA	nd	74.747	1227	1322	76100	1	3.34e-10
putative_Badnavirus	Badnavirus	Caulimoviridae	nd	nd	nd	nd	86.792	421	369	77190	1	3.34e-10
putative_Badnavirus	Badnavirus	Caulimoviridae	VLJ-178	Vitis_vinifera_cv._Ljutun	Croatia	2968092	79.545	1613	1700	77387	1	1.52e-14
putative_Badnavirus	Badnavirus	Caulimoviridae	BpubFin407501	Betula_pubescens	Germany	nd	83.019	3422	3370	78038	1	1.73e-07
putative_Badnavirus	Badnavirus	Caulimoviridae	DN5-4	Musa_sp.	China	nd	73.034	6515	6427	78734	1	6.05e-07
putative_Badnavirus	Badnavirus	Caulimoviridae	BBV-3X	blackberry	USA	nd	76.271	2019	2077	78799	1	0.000313
putative_Badnavirus	Badnavirus	Caulimoviridae	nd	Pelargonium_x_hortorum	USA	nd	77.083	6262	6356	79295	1	2.74e-11
putative_Badnavirus	Badnavirus	Caulimoviridae	nd	nd	nd	nd	76.842	5973	5879	79495	1	6.45e-13
putative_Badnavirus	Badnavirus	Caulimoviridae	nd	blackberry	USA	nd	74.699	1322	1243	79554	1	6.05e-07
putative_Badnavirus	Badnavirus	Caulimoviridae	Z6	Ziziphus_jujube	China	28612117	78.261	3956	3888	79804	1	4.96e-08
putative_Badnavirus	Badnavirus	Caulimoviridae	Z6	Ziziphus_jujube	China	28612117	74.419	6201	6286	79915	1	4.96e-08
putative_Badnavirus	Badnavirus	Caulimoviridae	Holetta	Ensete_ventricosum	Ethiopia	nd	71.845	5732	5832	81195	1	7.37e-06
putative_Badnavirus	Badnavirus	Caulimoviridae	Aus7	Colocasia_esculenta	Australia	2948811	82.222	6171	6215	81977	1	8.97e-05
putative_Badnavirus	Badnavirus	Caulimoviridae	SCA6	Theobroma_cacao	Trinidad_and_Tobago	28124143	82.353	3251	3201	82362	1	2.11e-06
putative_Badnavirus	Badnavirus	Caulimoviridae	DN5-4	Musa_sp.	China	nd	73.333	6426	6515	82388	1	1.73e-07
putative_Badnavirus	Badnavirus	Caulimoviridae	CA	Epiphyllum_sp._(cactus)	USA	nd	81.538	6824	6760	82730	1	3.34e-10
putative_Badnavirus	Badnavirus	Caulimoviridae	BN4Dr	Dioscorea_rotundata	Benin	19030955	77.528	286	374	82906	1	2.74e-11
putative_Badnavirus	Badnavirus	Caulimoviridae	Minnesota	Aglaonema_modestum_(Chinese_evergreen)	USA	nd	79.208	5906	6006	83653	1	2.93e-17
putative_Badnavirus	Badnavirus	Caulimoviridae	HS-2	banana	China	nd	79.348	281	190	83660	1	4.35e-15
putative_Badnavirus	Badnavirus	Caulimoviridae	Z6	Ziziphus_jujube	China	28612117	76.531	6201	6298	83768	1	6.45e-13
putative_Badnavirus	Badnavirus	Caulimoviridae	Guadeloupe	sugarcane_R570_hybrid_variety	Guadeloupe	21741419	74.713	6499	6413	83941	1	1.42e-08
putative_Badnavirus	Badnavirus	Caulimoviridae	Aus7	Colocasia_esculenta	Australia	2948811	81.667	5702	5761	84135	1	1.42e-08
putative_Badnavirus	Badnavirus	Caulimoviridae	YC_269-3	Saccharum_sp._hybrid_cultivar	China	nd	82.609	509	441	84339	1	2.25e-12
putative_Badnavirus	Badnavirus	Caulimoviridae	YC_269-3	Saccharum_sp._hybrid_cultivar	China	nd	82.609	441	509	84446	1	2.25e-12
putative_Badnavirus	Badnavirus	Caulimoviridae	Z6	Ziziphus_jujube	China	28612117	79.518	3874	3956	84644	1	6.45e-13
putative_Badnavirus	Badnavirus	Caulimoviridae	DBRTV1-[2RT]	Dioscorea_rotundata	Nigeria	2739976	77.778	6862	6906	84791	1	0.046
putative_Badnavirus	Badnavirus	Caulimoviridae	ROL	Citrus_jambhiri_(rough_lemon)	India	2292681	82.292	5317	5412	85610	1	6.89e-19
putative_Badnavirus	Badnavirus	Caulimoviridae	YC_269-3	Saccharum_sp._hybrid_cultivar	China	nd	76.768	539	441	85846	1	1.85e-13
putative_Badnavirus	Badnavirus	Caulimoviridae	CaYMV-AP01	Canna_indica_cultivar_Red_Futurity	USA	nd	81.25	5515	5608	85847	1	1.25e-15
putative_Alphaendornavirus	Alphaendornavirus	Endornaviridae	Penol	Capsicum_annuum	Colombia	nd	100.0	9750	9850	86438	1	4.95e-46
putative_Badnavirus	Badnavirus	Caulimoviridae	ROL	Citrus_jambhiri_(rough_lemon)	India	2292681	78.667	5369	5295	86660	1	3.34e-10
putative_Badnavirus	Badnavirus	Caulimoviridae	Z6	Ziziphus_jujube	China	28612117	80.412	6343	6247	87031	1	8.4e-18
putative_Badnavirus	Badnavirus	Caulimoviridae	nd	nd	nd	nd	86.792	369	421	87168	1	3.34e-10
putative_Badnavirus	Badnavirus	Caulimoviridae	Ug203	Musa_sp._cv._Malila	Uganda	nd	94.0	908	859	87280	1	5.3e-14
putative_Badnavirus	Badnavirus	Caulimoviridae	Et158	Colocasia_esculenta	Ethiopia	nd	81.818	120	77	87584	1	0.000313
putative_Badnavirus	Badnavirus	Caulimoviridae	nd	nd	nd	nd	78.049	5957	5876	89275	1	2.74e-11
putative_Badnavirus	Badnavirus	Caulimoviridae	GWR198J-13	Theobroma_cacao	Ghana	29169831	75.758	2797	2862	89372	1	2.57e-05
putative_Alphaendornavirus	Alphaendornavirus	Endornaviridae	nd	Psophocarpus_tetragonolobus	nd	nd	84.211	13562	13525	89400	1	0.001
putative_Badnavirus	Badnavirus	Caulimoviridae	Hunan-24	sweet_potato	China	nd	81.159	5931	5863	89551	1	9.58e-11
putative_Alphaendornavirus	Alphaendornavirus	Endornaviridae	nd	Vitis_vinifera_endophyte	South_Africa	23118465	78.261	932	864	90409	1	4.96e-08
putative_Badnavirus	Badnavirus	Caulimoviridae	Z6	Ziziphus_jujube	China	28612117	79.518	3874	3956	91152	1	6.45e-13
putative_Badnavirus	Badnavirus	Caulimoviridae	Gn44Dr	Dioscorea_rotundata	Guinea	19190853	79.63	216	269	91167	1	0.000313
putative_Badnavirus	Badnavirus	Caulimoviridae	YC_269-3	Saccharum_sp._hybrid_cultivar	China	nd	78.351	498	402	91346	1	4.35e-15
putative_Badnavirus	Badnavirus	Caulimoviridae	CI134	Theobroma_cacao	Cote_d'Ivoire	2905250	81.25	274	227	91711	1	8.97e-05
putative_Badnavirus	Badnavirus	Caulimoviridae	Ug203	Musa_sp._cv._Malila	Uganda	nd	94.0	859	908	92948	1	5.3e-14
putative_Badnavirus	Badnavirus	Caulimoviridae	Z6	Ziziphus_jujube	China	28612117	81.395	6240	6325	93044	1	3.57e-16
putative_Badnavirus	Badnavirus	Caulimoviridae	YC_269-3	Saccharum_sp._hybrid_cultivar	China	nd	83.077	509	445	93599	1	2.74e-11
putative_Badnavirus	Badnavirus	Caulimoviridae	Z6	Ziziphus_jujube	China	28612117	80.412	6247	6343	93769	1	8.4e-18
putative_Badnavirus	Badnavirus	Caulimoviridae	BBV-3X	blackberry	USA	nd	76.596	5661	5568	94216	1	2.25e-12
putative_Badnavirus	Badnavirus	Caulimoviridae	S3	nd	Samoa	14551818	76.596	216	262	94286	1	0.16
putative_Badnavirus	Badnavirus	Caulimoviridae	DBRTV1-[2RT]	Dioscorea_rotundata	Nigeria	2739976	77.778	6844	6906	94305	1	2.11e-06
putative_Badnavirus	Badnavirus	Caulimoviridae	Gha29-15	Theobroma_cacao	Ghana	2916983	83.333	4597	4544	94422	1	4.96e-08
putative_Badnavirus	Badnavirus	Caulimoviridae	Z6	Ziziphus_jujube	China	28612117	76.136	6288	6201	94692	1	3.34e-10
putative_Badnavirus	Badnavirus	Caulimoviridae	Z6	Ziziphus_jujube	China	28612117	75.0	6312	6411	94735	1	2.74e-11
putative_Badnavirus	Badnavirus	Caulimoviridae	Gha34Q-15	Theobroma_cacao	Ghana	2916983	80.435	4275	4320	94745	1	0.001
putative_Badnavirus	Badnavirus	Caulimoviridae	TRY	Musa_sp._cv._Poovan_(Mysore,AAB)	India	nd	79.545	6438	6481	94942	1	0.16
putative_Badnavirus	Badnavirus	Caulimoviridae	F15	Ficus_carica	Iran	nd	82.609	4929	4974	95162	1	2.57e-05
putative_Badnavirus	Badnavirus	Caulimoviridae	VLJ-178	Vitis_vinifera_cv._Ljutun	Croatia	2968092	75.248	6187	6287	95186	1	7.86e-12
putative_Badnavirus	Badnavirus	Caulimoviridae	YV1	Yacon	South_Korea	25643816	75.758	5386	5484	95634	1	1.85e-13
putative_Badnavirus	Badnavirus	Caulimoviridae	YC_269-3	Saccharum_sp._hybrid_cultivar	China	nd	82.609	509	441	95757	1	2.25e-12
putative_Badnavirus	Badnavirus	Caulimoviridae	CI275	Theobroma_cacao	Cote_d'Ivoire	2905250	83.099	6141	6071	95802	1	1.85e-13
putative_Badnavirus	Badnavirus	Caulimoviridae	Hawaii	Colocasia_esculenta	USA	nd	82.456	5557	5613	95817	1	1.42e-08
putative_Badnavirus	Badnavirus	Caulimoviridae	HS-2	banana	China	nd	79.221	163	239	96396	1	2.74e-11
putative_Badnavirus	Badnavirus	Caulimoviridae	Ug228	Musa_sp._cv._Embululu	Uganda	nd	80.233	823	908	96455	1	1.52e-14
putative_Badnavirus	Badnavirus	Caulimoviridae	Z6	Ziziphus_jujube	China	28612117	79.798	6280	6378	96703	1	8.4e-18
putative_Badnavirus	Badnavirus	Caulimoviridae	MP	Musa_acuminata_cv._Cavendish,_inoculated_with_BSGFV	France	2505689	82.979	4994	5040	96813	1	7.37e-06
putative_Badnavirus	Badnavirus	Caulimoviridae	Huachano1	nd	Peru	19394993	78.571	6884	6787	96826	1	1.25e-15
putative_Badnavirus	Badnavirus	Caulimoviridae	Gha34Q-15	Theobroma_cacao	Ghana	2916983	80.435	4275	4320	96873	1	0.001
putative_Alphaendornavirus	Alphaendornavirus	Endornaviridae	Penol	Capsicum_annuum	Colombia	nd	100.0	7090	7190	97693	1	4.95e-46
putative_Badnavirus	Badnavirus	Caulimoviridae	E308-77	Musa_acuminata_cv._Gran_Enano	Cuba	nd	76.842	195	101	98071	1	6.45e-13
putative_Badnavirus	Badnavirus	Caulimoviridae	BpubFin407501	Betula_pubescens	Germany	nd	83.019	3370	3422	98697	1	1.73e-07
putative_Badnavirus	Badnavirus	Caulimoviridae	DBRTV1-[2RT]	Dioscorea_rotundata	Nigeria	2739976	76.19	6844	6906	98851	1	8.97e-05
putative_Badnavirus	Badnavirus	Caulimoviridae	nd	nd	nd	nd	77.551	5876	5973	98924	1	1.52e-14
putative_Badnavirus	Badnavirus	Caulimoviridae	Gha2-15	Theobroma_cacao	Ghana	2916983	78.351	6040	6136	99157	1	4.35e-15
putative_Badnavirus	Badnavirus	Caulimoviridae	CI275	Theobroma_cacao	Cote_d'Ivoire	2905250	84.058	6141	6073	99306	1	1.85e-13
putative_Badnavirus	Badnavirus	Caulimoviridae	DN3-4	banana	China	nd	78.125	190	285	99711	1	1.85e-13
putative_Badnavirus	Badnavirus	Caulimoviridae	BBV-3X	blackberry	USA	nd	85.106	5484	5438	100013	1	6.05e-07
putative_Badnavirus	Badnavirus	Caulimoviridae	CaYMV-AP01	Canna_indica_cultivar_Red_Futurity	USA	nd	77.67	5591	5491	100241	1	6.45e-13
putative_Badnavirus	Badnavirus	Caulimoviridae	ROL	Citrus_jambhiri_(rough_lemon)	India	2292681	82.292	5317	5412	100454	1	6.89e-19
putative_Badnavirus	Badnavirus	Caulimoviridae	Minnesota	Aglaonema_modestum_(Chinese_evergreen)	USA	nd	77.941	3146	3213	100693	1	1.73e-07
putative_Badnavirus	Badnavirus	Caulimoviridae	VLJ-178	Vitis_vinifera_cv._Ljutun	Croatia	2968092	87.755	6187	6235	100984	1	1.17e-09
putative_Badnavirus	Badnavirus	Caulimoviridae	nd	Bougainvillea_spectabilis	Brazil	nd	85.714	142	169	101191	1	0.57
putative_Badnavirus	Badnavirus	Caulimoviridae	nd	nd	nd	nd	76.531	5876	5973	101567	1	6.45e-13
putative_Badnavirus	Badnavirus	Caulimoviridae	Z6	Ziziphus_jujube	China	28612117	76.238	6308	6208	102026	1	1.85e-13
putative_Badnavirus	Badnavirus	Caulimoviridae	LNCYJuwz	jujube	China	nd	86.0	440	391	102774	1	1.42e-08
putative_Badnavirus	Badnavirus	Caulimoviridae	Z6	Ziziphus_jujube	China	28612117	78.788	6388	6290	103006	1	3.57e-16
putative_Badnavirus	Badnavirus	Caulimoviridae	CA	Epiphyllum_sp._(cactus)	USA	nd	76.119	3740	3674	103135	1	7.37e-06
putative_Badnavirus	Badnavirus	Caulimoviridae	Guadeloupe	sugarcane_R570_hybrid_variety	Guadeloupe	21741419	76.842	6478	6384	103343	1	6.45e-13
putative_Badnavirus	Badnavirus	Caulimoviridae	nd	blackberry	USA	nd	73.684	1103	1012	103789	1	1.73e-07
putative_Badnavirus	Badnavirus	Caulimoviridae	w4	Vitis_vinifera	Greece	25791736	76.289	5864	5768	104198	1	2.25e-12
putative_Badnavirus	Badnavirus	Caulimoviridae	nd	nd	nd	nd	86.792	421	369	104241	1	3.34e-10
putative_Badnavirus	Badnavirus	Caulimoviridae	Guadeloupe	sugarcane_R570_hybrid_variety	Guadeloupe	21741419	76.842	6384	6478	104332	1	6.45e-13
putative_Badnavirus	Badnavirus	Caulimoviridae	BataviaD	sugarcane_cultivar_Batavia	Guadeloupe	21741419	70.297	5744	5844	104886	1	2.57e-05
putative_Badnavirus	Badnavirus	Caulimoviridae	DBRTV1-[2RT]	Dioscorea_rotundata	Nigeria	2739976	77.083	6859	6906	105378	1	0.046
putative_Badnavirus	Badnavirus	Caulimoviridae	Muju	Codonopsis_lanceolata	South_Korea	nd	85.965	4007	3951	105852	1	2.74e-11
putative_Badnavirus	Badnavirus	Caulimoviridae	BBV-3X	blackberry	USA	nd	81.818	5438	5503	106061	1	9.58e-11
putative_Badnavirus	Badnavirus	Caulimoviridae	Ug203	Musa_sp._cv._Malila	Uganda	nd	94.0	859	908	106214	1	5.3e-14
putative_Badnavirus	Badnavirus	Caulimoviridae	w4	Vitis_vinifera	Greece	25791736	69.792	2635	2730	106939	1	0.001
putative_Badnavirus	Badnavirus	Caulimoviridae	BpubFin407501	Betula_pubescens	Germany	nd	83.099	3370	3440	106992	1	1.85e-13
putative_Badnavirus	Badnavirus	Caulimoviridae	nd	Pelargonium_x_hortorum	USA	nd	75.0	2335	2430	107239	1	9.58e-11
putative_Badnavirus	Badnavirus	Caulimoviridae	Z6	Ziziphus_jujube	China	28612117	76.923	3879	3956	107650	1	4.07e-09
putative_Badnavirus	Badnavirus	Caulimoviridae	Guadeloupe	sugarcane_R570_hybrid_variety	Guadeloupe	21741419	75.862	6499	6413	107891	1	1.17e-09
putative_Badnavirus	Badnavirus	Caulimoviridae	CI275	Theobroma_cacao	Cote_d'Ivoire	2905250	84.932	6069	6141	107988	1	1.25e-15
putative_Badnavirus	Badnavirus	Caulimoviridae	nd	blackberry	USA	nd	85.106	1103	1057	109511	1	6.05e-07
putative_Badnavirus	Badnavirus	Caulimoviridae	nd	Curcuma_longa	nd	nd	79.167	198	151	110157	1	0.001
putative_Badnavirus	Badnavirus	Caulimoviridae	VLJ-178	Vitis_vinifera_cv._Ljutun	Croatia	2968092	77.228	1554	1654	110295	1	1.52e-14
putative_Badnavirus	Badnavirus	Caulimoviridae	GU-2	nd	nd	nd	84.444	175	131	111046	1	7.37e-06
putative_Badnavirus	Badnavirus	Caulimoviridae	CaYMV-AP01	Canna_indica_cultivar_Red_Futurity	USA	nd	80.612	5505	5600	111393	1	1.25e-15
putative_Badnavirus	Badnavirus	Caulimoviridae	Guadeloupe	sugarcane_R570_hybrid_variety	Guadeloupe	21741419	75.862	6499	6413	111724	1	1.17e-09
putative_Badnavirus	Badnavirus	Caulimoviridae	ROL	Citrus_jambhiri_(rough_lemon)	India	2292681	80.198	5331	5431	112058	1	6.89e-19
putative_Badnavirus	Badnavirus	Caulimoviridae	LNCYJuwz	jujube	China	nd	75.758	335	433	112320	1	2.25e-12
putative_Badnavirus	Badnavirus	Caulimoviridae	Z6	Ziziphus_jujube	China	28612117	75.641	6201	6278	112413	1	1.73e-07
putative_Badnavirus	Badnavirus	Caulimoviridae	Z6	Ziziphus_jujube	China	28612117	77.174	6297	6388	112456	1	2.25e-12
putative_Badnavirus	Badnavirus	Caulimoviridae	CaYMV-AP01	Canna_indica_cultivar_Red_Futurity	USA	nd	77.451	5490	5589	112751	1	2.25e-12
putative_Badnavirus	Badnavirus	Caulimoviridae	Lebanon34	nd	nd	nd	77.0	5873	5971	113407	1	7.86e-12
putative_Badnavirus	Badnavirus	Caulimoviridae	Z6	Ziziphus_jujube	China	28612117	70.0	6272	6173	113443	1	8.97e-05
putative_Badnavirus	Badnavirus	Caulimoviridae	Ug203	Musa_sp._cv._Malila	Uganda	nd	94.0	859	908	113699	1	5.3e-14
putative_Badnavirus	Badnavirus	Caulimoviridae	V1	nd	Vanuatu	1455181	80.519	145	70	113726	1	4.07e-09
putative_Badnavirus	Badnavirus	Caulimoviridae	CA	Epiphyllum_sp._(cactus)	USA	nd	81.538	6760	6824	113903	1	3.34e-10
putative_Badnavirus	Badnavirus	Caulimoviridae	BT	Saccharum_officinarum_cultivar	India	2343071	76.562	5352	5289	114083	1	2.57e-05
putative_Badnavirus	Badnavirus	Caulimoviridae	Gha34Q-15	Theobroma_cacao	Ghana	2916983	77.5	4275	4314	114448	1	2.0
putative_Badnavirus	Badnavirus	Caulimoviridae	CI275	Theobroma_cacao	Cote_d'Ivoire	2905250	84.932	6141	6069	114798	1	1.25e-15
putative_Badnavirus	Badnavirus	Caulimoviridae	Et17	Colocasia_esculenta	Ethiopia	nd	78.481	4708	4786	115185	1	9.58e-11
putative_Badnavirus	Badnavirus	Caulimoviridae	Z6	Ziziphus_jujube	China	28612117	75.758	6310	6212	115636	1	2.25e-12
putative_Badnavirus	Badnavirus	Caulimoviridae	V1	nd	Vanuatu	1455181	80.22	145	56	115925	1	6.45e-13
putative_Badnavirus	Badnavirus	Caulimoviridae	Z6	Ziziphus_jujube	China	28612117	80.208	6267	6362	115948	1	2.93e-17
putative_Badnavirus	Badnavirus	Caulimoviridae	CI275	Theobroma_cacao	Cote_d'Ivoire	2905250	82.857	6072	6141	116479	1	6.45e-13
putative_Alphaendornavirus	Alphaendornavirus	Endornaviridae	Penol	Capsicum_annuum	Colombia	nd	100.0	3283	3383	116667	1	4.95e-46
putative_Badnavirus	Badnavirus	Caulimoviridae	nd	blackberry	USA	nd	81.481	1141	1194	116708	1	6.05e-07
putative_Badnavirus	Badnavirus	Caulimoviridae	A	Theobroma_cacao	Sri_Lanka	29169831	76.471	3383	3433	116730	1	0.013
putative_Badnavirus	Badnavirus	Caulimoviridae	SCBV-CHN2	Saccharum_sp._hybrid_cultivar_CZ66-70	China	nd	83.871	4710	4680	116811	1	0.57
putative_Badnavirus	Badnavirus	Caulimoviridae	CA	Epiphyllum_sp._(cactus)	USA	nd	81.356	3541	3599	117298	1	4.96e-08
putative_Badnavirus	Badnavirus	Caulimoviridae	GHL2d_Dr	Dioscorea_rotundata	Ghana	1919085	79.798	18	116	117561	1	8.4e-18
putative_Badnavirus	Badnavirus	Caulimoviridae	nd	blackberry	USA	nd	74.257	1182	1282	117673	1	9.58e-11
putative_Badnavirus	Badnavirus	Caulimoviridae	w4	Vitis_vinifera	Greece	25791736	80.0	5883	5804	117746	1	6.45e-13
putative_Badnavirus	Badnavirus	Caulimoviridae	Aus7	Colocasia_esculenta	Australia	2948811	76.0	5702	5801	118304	1	7.86e-12
putative_Badnavirus	Badnavirus	Caulimoviridae	nd	nd	Papua_New_Guinea	12721801	84.314	5648	5698	118544	1	4.96e-08
putative_Badnavirus	Badnavirus	Caulimoviridae	VLJ-178	Vitis_vinifera_cv._Ljutun	Croatia	2968092	85.106	6233	6187	118848	1	6.05e-07
putative_Badnavirus	Badnavirus	Caulimoviridae	CaYMV-AP01	Canna_indica_cultivar_Red_Futurity	USA	nd	81.188	5515	5613	119059	1	2.93e-17
